id,area,title,detail,severity,status,evidence,notes
A1,archive,Remove contracts/dashboard code,"Delete src/app/dashboard, src/app/form, root components, contracts/forms, types, lib pdf/crypto/firebase, firebase config files",high,done,"src/app/[locale]/layout.tsx;package.json",
A2,archive,Strip unused deps,"lexical*, node-forge, web-eid, html2canvas, jspdf, pdf-lib, react-hot-toast, firebase",high,done,"package.json",
A3,upgrade,Upgrade to latest stable,"next 16.3.5, react 19.3, tailwind 4.3.3, motion 13, eslint 10, TS7 alias",high,done,"package.json",
A4,upgrade,Flat ESLint config,"eslint.config.mjs with next core-web-vitals + typescript + prettier; lint script = eslint .",high,done,"eslint.config.mjs",
A5,upgrade,tsconfig for TS7,"types:[node], strict flags, noUncheckedIndexedAccess",medium,done,"tsconfig.json",
A6,upgrade,Build green,"next build passes with zero warnings",high,done,"next.config.ts;src/app/[locale]/layout.tsx",
B1,foundation,next-intl RO/EN,"routing as-needed, proxy.ts, [locale] segment, messages en/ro",high,done,"src/i18n/routing.ts;src/i18n/request.ts;src/i18n/navigation.ts;src/proxy.ts;messages/en.json;messages/ro.json",
B2,foundation,Theme system,"mode dark/light/system + 6 accents + surface mode; cookie+localStorage; no-flash script",high,done,"src/lib/theme.ts;src/components/theme/ThemeProvider.tsx;src/components/theme/ThemeMenu.tsx",
B3,foundation,OKLCH tokens,"@theme inline tokens; semantic names",high,done,"src/app/globals.css",
B4,foundation,Motion presets,"motion/react presets, reduced-motion aware",medium,done,"src/lib/motion.ts",
B5,foundation,Responsive shell,"container queries, >21:9 max-width, mobile native feel, safe-area",high,done,"src/app/globals.css;src/components/layout/Header.tsx;src/components/layout/Footer.tsx",
C1,data,Project registry,"src/data/projects.ts typed registry with statuses from interview",high,done,"src/data/projects.ts;src/data/types.ts",
C4,data,Registry round 2,"E:\gh scan + Vercel/DNS probe + owner interview: +15 projects (titi dashy caelia afti vitals vsrchat circus tasks2 bancai jucai invitatii mancai editai dexai abridge), -2 (memorai glass), nexus enriched; visibility via gh repo view",high,done,"src/data/projects.ts;docs/TRACKER.md",36 projects
D5,design,Orange default accent,"7th accent orange (hue 50) as default; OG palette follows; docs/skills/instructions updated",high,done,"src/lib/theme.ts;src/app/globals.css;src/lib/og.tsx;docs/DESIGN.md",owner decision
D6,design,Elevation system,"shadow-elev-1/2/3 tokens (ambient+key+inner highlight, accent ring on 3) on header, primary buttons (press drops), cards, hero pills, badges",high,done,"src/app/globals.css;src/components/ui/Button.tsx;src/components/ui/Badge.tsx;src/components/projects/ProjectCard.tsx;src/components/hero/TechStack.tsx",
D7,design,Floating pill header,"fixed centred pill 12px from top, elevated, compacts on scroll, full-width minus margins on mobile; HEADER_OFFSET_CLASS spacer in layout",high,done,"src/components/layout/Header.tsx;src/app/[locale]/layout.tsx",
D8,design,CoverArt placeholder,"deterministic inline SVG per project: seeded pattern (4 families), monogram, stack chips; theme-aware; used on cards + detail hero when no image",high,done,"src/components/projects/CoverArt.tsx;src/components/projects/CoverArt.test.tsx;src/components/projects/cover.ts",4 tests
D9,design,Device showcase,"CSS device frames desktop/tablet/phone + dark/light toggle on project pages when shots exist",medium,done,"src/components/projects/DeviceShowcase.tsx;src/app/[locale]/projects/[slug]/page.tsx;src/app/globals.css",
H9,quality,Screenshot pipeline,"pnpm shots: Playwright 3 viewports x 2 schemes + full page, cookie-banner dismissal, freshness skip, shots.config.json for authenticated pages; weekly Action opens PR into public/shots; zod manifest reader",high,done,"scripts/shots.mjs;.github/workflows/shots.yml;src/lib/shots.ts;src/lib/shots.test.ts;public/shots/manifest.json;docs/CI.md",first real capture pending (run workflow_dispatch after push)
H10,quality,E2E stability,"projects grid + theme menu poll instead of racing Suspense/hydration; locale switcher is a real <a>",medium,done,"e2e/projects.spec.ts;e2e/theme.spec.ts;e2e/locale.spec.ts;src/components/theme/LocaleSwitcher.tsx",28/28 x2
C2,data,GitHub data layer,"GraphQL fetch in use cache cacheLife days; env-gated token; fallback static",high,done,"src/lib/github.ts",
C3,data,Registry tests,"vitest: unique slugs, required fields, link policy for private",medium,done,"src/data/projects.test.ts;src/data/press.test.ts",40 tests pass
D1,design,Hero (restored v1 look),"Centred headline + gradient line 2 + tech pills; static glow/grid; CSS-only stagger; WebGL constellation built then REJECTED by owner 2026-09-15 (visual regression + perf) and deleted",high,done,"src/components/hero/Hero.tsx;src/components/hero/TechStack.tsx;src/components/hero/HeroReveal.tsx;src/app/globals.css","Owner: no continuously animated objects anywhere"
D2,design,Home sections,"hero, featured, now strip, open-source, timeline, contact",high,done,"src/app/[locale]/page.tsx;src/components/home/Featured.tsx;src/components/home/NowStrip.tsx;src/components/home/OpenSourceStrip.tsx;src/components/home/Timeline.tsx;src/components/contact/ContactSection.tsx",
D3,design,View Transitions,"card to detail shared element via React ViewTransition",medium,done,"src/components/projects/cover.ts;src/components/projects/ProjectCard.tsx;src/app/[locale]/projects/[slug]/page.tsx",
D4,design,Skeletons/loading,"loading.tsx per route; suspense on GitHub stats",medium,done,"src/app/[locale]/loading.tsx;src/app/[locale]/projects/loading.tsx;src/app/[locale]/projects/[slug]/loading.tsx;src/components/ui/Skeleton.tsx;src/components/projects/ProjectGridSkeleton.tsx",
E1,pages,/projects filterable,"nuqs filters: status, category, stack",high,done,"src/app/[locale]/projects/page.tsx;src/components/projects/ProjectFilters.tsx;src/components/projects/useProjectFilters.ts;src/components/projects/ProjectList.tsx",
E2,pages,/projects/[slug],"detail with stats, releases, stack, story",high,done,"src/app/[locale]/projects/[slug]/page.tsx;src/components/projects/RepoStatsPanel.tsx",
E3,pages,/about,"bio RO/EN, values, timeline",medium,done,"src/app/[locale]/about/page.tsx",
E4,pages,/open-source,"repos + npm packages with live stats",medium,done,"src/app/[locale]/open-source/page.tsx;src/components/open-source/ReposGrid.tsx;src/components/open-source/PackagesList.tsx",
E5,pages,/now,"current focus quarter",medium,done,"src/app/[locale]/now/page.tsx;src/components/now/Heatmap.tsx",
E6,pages,/uses,"stack and tools",low,done,"src/app/[locale]/uses/page.tsx;src/data/uses.ts",
E7,pages,/press,"press kit: bios, logos, one-liners, downloads",medium,done,"src/app/[locale]/press/page.tsx;src/data/press.ts;src/components/press/CopyButton.tsx",
F1,seo,Metadata,"metadataBase, titles, descriptions, canonical, hreflang per page",high,done,"src/lib/seo.ts;src/app/[locale]/layout.tsx",
F2,seo,JSON-LD,"Person, WebSite, SoftwareApplication, BreadcrumbList via schema-dts",high,done,"src/components/seo/JsonLd.tsx",
F3,seo,sitemap+robots,"sitemap.ts (locales), robots.ts",high,done,"src/app/sitemap.ts;src/app/robots.ts",
F4,aeo,llms.txt,"llms.txt + llms-full.txt routes generated from registry",medium,done,"src/lib/llms.ts;src/app/llms.txt/route.ts;src/app/llms-full.txt/route.ts",
F5,seo,OG images,"opengraph-image.tsx per project + site",medium,done,"src/lib/og.tsx;src/app/[locale]/opengraph-image.tsx;src/app/[locale]/projects/[slug]/opengraph-image.tsx",
F6,aeo,RSS feed,"feed of releases/changelog at /feed.xml",low,done,"src/app/feed.xml/route.ts",
F7,aeo,/api/projects.json,"public JSON of registry + stats",medium,done,"src/lib/projects-api.ts;src/app/api/projects/route.ts;src/app/api/projects/[slug]/route.ts",
G1,contact,Contact Server Action,"Zod, honeypot, Turnstile, Resend env-gated",high,done,"src/app/actions/contact.ts;src/components/contact/ContactForm.tsx;src/lib/env.ts",
H1,quality,husky+lint-staged,"pre-commit: eslint, tsc, tests on staged; version+CHANGELOG gate",high,done,".husky/pre-commit;.husky/pre-push;scripts/pre-commit.mjs;scripts/pre-push.mjs;package.json",
H2,quality,Vitest,"unit tests utilities/registry/i18n",high,done,"vitest.config.ts;src/lib/utils.test.ts;src/i18n/messages.test.ts;src/lib/seo.test.ts",
H3,quality,Playwright smoke,"home, project page, theme toggle, locale switch, a11y axe",high,done,"playwright.config.ts;e2e/home.spec.ts;e2e/projects.spec.ts;e2e/theme.spec.ts;e2e/locale.spec.ts;e2e/a11y.spec.ts",home asserts canvas==0
H4,quality,size-limit,"budget on first-load JS",medium,done,".size-limit.json",374 kB gz vs 400 kB budget (2026-09-15)
H5,quality,ci-local,"scripts/ci-local.mjs runs pipeline in WSL/Docker",high,done,"scripts/ci-local.mjs;docs/CI.md",
H6,quality,GitHub Actions,"ci.yml self-hosted w/ hosted fallback; lighthouse",medium,done,".github/workflows/ci.yml;.github/workflows/lighthouse.yml;lighthouserc.json",
H7,quality,Renovate,"renovate.json weekly grouped",low,done,"renovate.json",
H8,quality,Tracker guard,"scripts/check-tracker.mjs field count + evidence",medium,done,"scripts/check-tracker.mjs;scripts/check-messages.mjs",
I1,agent,Repo instructions,".github/copilot-instructions.md + instructions files",high,done,".github/copilot-instructions.md;.github/instructions/theme-tokens.instructions.md;.github/instructions/i18n.instructions.md;.github/instructions/seo-aeo.instructions.md;AGENTS.md",
I2,agent,Skills,".github/skills for add-project, theme, release",medium,done,".github/skills/add-project/SKILL.md;.github/skills/theme-surface/SKILL.md;.github/skills/release/SKILL.md",
I3,agent,Repo memory,"/memories/repo notes for conventions",medium,done,".github/copilot-instructions.md;docs/TRACKER.md",
J1,publicity,Press kit content,"bios RO/EN, one-liners, release templates",medium,done,"src/data/press.ts;src/app/[locale]/press/page.tsx",
J2,publicity,Outlets list,"docs/PUBLICITY.md RO/EN outlets and guidance",low,done,"docs/PUBLICITY.md",
J3,publicity,Wikidata draft,"docs/WIKIDATA.md item draft; article later",low,done,"docs/WIKIDATA.md",
